title,artist,venue,dateAndTime,description,tags,postDate,attachedMedia
3rd concert,destroy_boys,history_user,2024-04-24 20:00,wowieee,punk;rock,2024-07-24 11:00,nope
4th concert,destroy_boys,history_user,2024-10-22 20:00,test,punk,2024-07-24 11:01,nope
5th concert!!!,destroy_boys,history_user,2025-01-24 20:00,omg 5??,punk,2024-07-25 18:16,nope
6th concert,destroy_boys,history_user,2025-02-24 20:00,testinggg,punk,2024-07-25 18:27,nope
7th concert,destroy_boys,history_user,2025-02-07 20:00,wowow,punk,2024-07-25 18:34,none
100000th CONCERT,destroy_boys,history_user,2036-07-24 20:00,too many,punk,2024-07-25 18:47,none
8th concert,destroy_boys,history_user,2026-04-23 20:00,weqsda,punk,2024-07-25 18:54,nope
9th concert,destroy_boys,history_user,2025-07-20 20:00,bbbbbbb,punk,2024-07-25 18:57,nope
the greatest concert,destroy_boys,history_user,2026-12-12 12:00,mmnnmmnn,punk,2024-07-26 11:33,nope
